{"type":"Topology","transform":{"scale":[0.005039564847400326,0.004696471171463908],"translate":[-117.12426888222679,14.533917199354258]},"arcs":[[[3029,1596],[-4,-26],[-89,-61],[-61,31],[-22,-10]],[[2853,1530],[-25,28],[46,80],[64,34],[56,-19],[35,-57]],[[380,2946],[5,-72],[-32,9],[27,63]],[[716,3198],[34,-55],[34,-2],[11,-64],[-75,64],[-4,57]],[[459,3824],[-48,-53],[18,-69],[31,-22]],[[460,3680],[-17,-143],[34,-45],[18,-96],[-8,-61],[57,-90],[20,-1],[128,-103],[31,-72],[44,-23],[30,-71],[42,-7],[26,-101]],[[865,2867],[-286,0]],[[579,2867],[29,45],[3,55],[-71,84],[-39,25],[-71,82],[-47,16],[-100,67],[-22,42],[3,64],[-50,46],[-1,67],[-57,41],[6,39],[-76,88],[13,61],[-52,37],[-47,107],[477,39],[-18,-48]],[[865,2867],[33,-74],[53,-28],[62,-114],[91,-61],[-1,-29],[49,-106],[1,-59],[59,-58],[22,-79],[49,-71],[-16,-39],[35,-88],[52,-7],[14,35],[80,-60],[28,-88],[43,-20],[3,-76],[-105,-68],[-65,142],[-75,48],[-65,68],[-102,57],[-44,-1],[-66,41],[-43,52],[39,138],[-18,119],[-233,170],[-41,-19],[-42,46],[-139,64],[-3,39],[-104,71],[4,19],[100,-12],[59,48]],[[5522,1068],[30,-27],[-2,-316]],[[5550,725],[0,-26],[-364,0]],[[5186,699],[0,31],[-45,3],[-63,36],[-21,-58],[-104,60],[-3,65],[-47,6],[-11,35]],[[4892,877],[102,9],[20,-17],[184,117],[41,41],[3,68],[40,40],[0,134],[20,75]],[[5302,1344],[3,-62],[40,-25],[36,11],[81,-105],[2,-26],[58,-69]],[[3429,2818],[-31,-33],[-37,39],[-32,-24],[-15,-62],[-81,-42],[7,-32],[51,0],[0,-50],[-43,-16],[-90,-78],[75,-90],[28,-81],[91,-74],[-72,8],[-41,-19],[0,-130]],[[3239,2134],[-65,14],[-17,33],[-49,-8],[-62,29],[-15,30],[-89,23],[-30,-27],[-44,15]],[[2868,2243],[-36,-63],[-47,10],[-83,101],[34,16],[-31,36],[30,36],[-2,93],[18,30],[-22,68],[-65,26]],[[2664,2596],[-31,44],[23,19],[-27,62],[1,170],[112,190]],[[2742,3081],[37,-4],[88,162],[241,9],[158,-150],[74,-171],[71,-63],[18,-46]],[[2706,943],[-50,-59]],[[2656,884],[-46,38],[-143,67]],[[2467,989],[113,30],[9,34],[51,-15],[40,22],[25,-35],[1,-82]],[[5096,579],[34,-16],[41,-59],[52,-22],[32,-60],[50,-24],[-10,-70],[-256,0],[-95,-173],[29,-40],[-33,-115],[-198,206],[-96,79],[-58,28]],[[4588,313],[-27,98],[54,143]],[[4615,554],[51,38]],[[4666,592],[50,71],[15,72],[48,-31],[-1,-48],[57,-58],[36,44],[45,15],[71,63],[66,-50],[-2,-50],[50,-15],[-5,-26]],[[2664,2596],[-121,17],[-53,-99],[-34,32],[-62,-15],[-97,27],[-99,63],[-102,-198],[-14,-70],[-72,16]],[[2010,2369],[-60,57],[-2,32],[-94,12],[-46,65],[1,69],[-35,50],[-63,-2]],[[1711,2652],[-52,153],[-26,8],[-36,112],[86,4],[31,18],[-55,188],[19,11],[12,114],[1,132],[-55,34],[-12,60],[51,21],[-32,28],[17,42]],[[1660,3577],[109,0],[0,96],[334,0],[61,-65],[52,-24],[111,-108],[78,-37],[63,-107],[1,-54],[27,-52],[103,-79],[48,-10],[95,-56]],[[3601,967],[-60,12]],[[3541,979],[-17,31],[48,67],[32,-57],[-3,-53]],[[2868,2243],[21,-35],[17,-101],[-45,-12],[-67,20],[-73,-9],[-29,-49],[-62,-40],[12,-84],[-51,-31],[-56,-225]],[[2535,1677],[-31,-14],[-54,62],[-42,-29],[-14,40],[33,11],[-24,51],[-61,-8],[-14,31]],[[2328,1821],[-50,12],[-16,72],[-37,23],[0,87],[-48,73],[-72,-11],[-38,81],[-84,82],[-9,107],[36,22]],[[3442,1482],[21,-41],[-31,-31],[-32,13],[-25,-63],[-67,1],[-28,-44],[49,-92]],[[3329,1225],[-3,-63],[-83,-16],[-59,37],[-64,-11],[-16,62],[-45,-27],[-44,1],[-33,37]],[[2982,1245],[27,44],[-27,41],[65,101],[39,35],[-14,23],[26,58]],[[3098,1547],[3,2]],[[3101,1549],[102,-12],[76,-52],[30,36],[54,-6],[45,-40],[34,7]],[[3498,892],[27,-54],[58,-29]],[[3583,809],[39,-59],[89,-41]],[[3711,709],[41,-159],[21,-34],[-19,-78],[-69,-58]],[[3685,380],[-43,48],[-179,33],[-69,47],[-205,76],[-30,32],[-86,51],[-32,46],[-67,12]],[[2974,725],[-1,53],[56,21],[-5,53],[51,14],[24,-24],[151,7],[-11,56],[37,22]],[[3276,927],[36,-22],[-11,-30],[44,-57],[48,49],[56,28],[49,-3]],[[3798,1274],[-57,-64],[34,-16],[-43,-61],[12,-29]],[[3744,1104],[-25,-23],[-56,-1]],[[3663,1080],[13,33],[-111,57],[-44,-55],[-29,84],[-66,22]],[[3426,1221],[6,59],[65,24],[39,104],[49,29]],[[3585,1437],[45,-26],[44,9],[21,40]],[[3695,1460],[17,-50],[53,-15],[-30,-65],[-26,15],[-33,-75],[27,-36],[78,74],[17,-34]],[[3029,1596],[69,-49]],[[2982,1245],[-74,-11],[-69,-40],[-43,-2],[3,-37],[47,-2],[8,-97],[39,-4],[-25,-56],[-162,-53]],[[2467,989],[-65,43],[-61,82],[-73,133],[75,26],[7,34]],[[2350,1307],[40,55],[48,18],[97,-43],[30,31],[-1,50],[77,12],[18,38],[-40,34],[2,38],[-43,5],[-8,39],[-39,0],[15,79]],[[2546,1663],[43,40],[29,-9],[-19,54],[54,-6],[-34,-82],[11,-34],[20,82],[41,-28],[-24,-67],[42,-1],[38,65],[35,-24],[-1,-60],[-34,-6],[-83,-111],[38,-24],[-12,-50],[88,-14],[13,41],[29,-8],[57,63],[-24,46]],[[3663,1080],[2,-30]],[[3665,1050],[4,-96]],[[3669,954],[-44,-11],[-24,24]],[[3541,979],[-43,-87]],[[3276,927],[40,37],[53,143],[2,66]],[[3371,1173],[42,5],[13,43]],[[3329,1225],[42,-52]],[[2974,725],[-116,26],[-156,60],[-46,73]],[[3669,954],[-35,-105],[-51,-40]],[[2535,1677],[11,-14]],[[2350,1307],[-39,17],[50,72],[7,75],[-45,35],[-47,90],[-20,108]],[[2256,1704],[59,-6],[-9,96],[22,27]],[[3429,2818],[23,-19]],[[3452,2799],[-39,-28],[33,-24],[34,-122],[-14,-41],[52,-16],[-7,-52],[46,-20],[7,-41],[115,-10],[0,-112],[32,-9],[-102,-80],[-44,-4],[-5,-58],[-22,5],[-87,-53],[29,-44],[-14,-49],[34,-34],[-26,-43],[-49,3],[-11,-84],[-36,-31]],[[3378,1852],[-35,17],[-40,-25],[6,102],[-23,52],[9,47],[-44,69]],[[3251,2114],[-12,20]],[[4588,313],[-82,35],[-89,10],[-73,-12],[-40,-39],[-212,-68],[-71,18],[-71,39],[-113,12],[-90,56],[-62,16]],[[3711,709],[58,26],[59,-17],[7,80],[66,-54],[26,25],[58,2],[62,51]],[[4047,822],[9,58],[45,-21],[48,-86],[76,-7],[-14,-86],[40,-44],[92,46],[-6,-24],[68,-92],[210,-12]],[[3952,1171],[-36,-128],[80,-32],[-44,-27],[-27,-100],[52,-43],[57,6],[13,-25]],[[3665,1050],[26,-1],[71,-76],[107,47],[-48,50],[-77,34]],[[3798,1274],[19,64],[69,-71],[-44,-18],[33,-67],[30,34],[64,-23],[-17,-22]],[[3442,1482],[24,15],[50,-29],[37,51],[32,-82]],[[6032,1287],[-40,-56],[1,51],[39,5]],[[5522,1068],[51,27],[69,88],[56,35],[54,6],[78,79],[42,74],[-1,104]],[[5871,1481],[129,-18],[28,-58],[-26,-61],[-81,-86],[-38,-75],[9,-39],[-63,-66],[18,-20],[41,28],[3,-34],[-39,-21],[-8,-40],[45,26],[-56,-137],[-24,-103],[-36,-5],[0,54],[-97,10],[-19,-51],[-52,-69],[-55,9]],[[3378,1852],[14,-87],[-14,-13],[120,-30],[33,3],[19,-47],[112,-2]],[[3662,1676],[65,-46],[-40,-63],[16,-23],[-36,-33],[28,-51]],[[3101,1549],[33,40],[-20,78],[23,19],[-7,55],[-28,7],[-58,-59],[-81,85],[-21,97],[104,27],[115,100],[-4,51],[94,65]],[[2256,1704],[-17,31],[-109,106],[-100,141],[-62,57],[-159,117],[-86,126],[-116,41],[-74,41],[-10,66],[38,80]],[[1561,2510],[25,-5],[90,61],[35,86]],[[959,3128],[18,-43],[-16,-54],[-60,23],[21,62],[37,12]],[[1561,2510],[-36,75],[-66,7],[-39,74],[-126,56],[5,120],[-104,12],[-78,96],[-43,15],[-38,70],[-53,38],[-12,73],[-101,127],[-3,59],[-74,133],[10,69],[-107,41],[-13,41],[-59,24],[-9,-29],[-49,11],[-106,58]],[[459,3824],[344,-114],[397,-133],[460,0]],[[5186,699],[0,-120],[-90,0]],[[4666,592],[-2,51],[-92,67],[-9,73]],[[4563,783],[144,47],[96,1],[45,39],[44,7]],[[3837,1646],[-106,43],[-69,-13]],[[3452,2799],[43,-23],[12,-107],[84,-140],[44,-9],[110,-63],[89,-3],[86,-47],[44,25],[-11,-69],[-73,-156],[-25,-110],[-15,-214],[2,-87],[-19,-107],[14,-43]],[[3837,1646],[13,-56],[75,-88],[-13,-84],[52,-123],[139,-164],[29,-110],[66,-59],[5,-31],[65,-38],[86,-4],[74,-37],[50,-79],[85,10]],[[5302,1344],[15,37],[98,49],[218,39],[26,20],[93,21],[119,-29]]],"objects":{"desaparecidos_estatal":{"type":"GeometryCollection","geometries":[{"arcs":[[0,1]],"type":"Polygon","properties":{"2006":0,"2007":25,"2008":7,"2009":20,"2010":18,"2011":30,"2012":14,"2013":15,"2014":62,"estado":"Aguascalientes","POB1":1184996,"id":0},"id":0},{"arcs":[[[2]],[[3]],[[4,5,6,7]]],"type":"MultiPolygon","properties":{"2006":0,"2007":7,"2008":25,"2009":11,"2010":8,"2011":19,"2012":128,"2013":177,"2014":381,"estado":"Baja California","POB1":3155070,"id":1},"id":1},{"arcs":[[8,-7]],"type":"Polygon","properties":{"2006":0,"2007":0,"2008":2,"2009":1,"2010":3,"2011":2,"2012":3,"2013":8,"2014":3,"estado":"Baja California Sur",